name,output,flag,username,timestamp
,,,,2022-11-20 00:00:18.405014
monkey,Hello monkey!,,,2022-11-20 00:00:22.819228
monkey,Hello monkey!,,,2022-11-20 00:00:24.625850
monkey,Hello monkey!,,,2022-11-20 00:00:24.788539
monkey,Hello monkey!,,,2022-11-20 00:00:24.928411
monkey,Hello monkey!,,,2022-11-20 00:00:29.034222
monkey,Hello monkey!,,,2022-11-20 00:00:29.220183
monkey,Hello monkey!,,,2022-11-20 00:00:30.018144
f,Hello f!,,,2022-11-20 00:00:37.579834
f,Hello f!,,,2022-11-20 00:00:37.747159
f,Hello f!,,,2022-11-20 00:00:37.883614
limbo,Hello limbo!,,,2022-11-20 00:09:58.040651
limbo,Hello limbo!,,,2022-11-20 00:09:59.175401
